:START_ID,id,similarity,:END_ID,:TYPE
ebl0kwk,1145,0.0,ebkfeew,REPLY_TO
ebkj8rt,1147,0.0,ebk5rtt,REPLY_TO
ebkbxu1,1148,0.0,ebk5rtt,REPLY_TO
ebkcp0l,1149,0.0,ebk5rtt,REPLY_TO
ebkctu9,1150,0.0887,ebk5rtt,REPLY_TO
ebk6z0y,1151,0.0,ebk5rtt,REPLY_TO
ebkfm6c,1152,0.0,ebk5rtt,REPLY_TO
ebka2w6,1153,0.0,ebk5rtt,REPLY_TO
ebktjua,1154,0.0,ebk5rtt,REPLY_TO
ebl87gl,1155,0.0,ebk5rtt,REPLY_TO
ebklyho,1156,0.068,ebk5rtt,REPLY_TO
ebkf4rb,1157,0.0,ebk5rtt,REPLY_TO
ebknzrv,1158,0.0,ebk5rtt,REPLY_TO
ebk8imx,1159,0.4104,ebk5rtt,REPLY_TO
ebkhajk,1160,0.0,ebk5rtt,REPLY_TO
ebkmo08,1161,0.0,ebk5rtt,REPLY_TO
ebkm5oc,1162,0.0,ebk5rtt,REPLY_TO
eblfufy,1163,0.0,ebk5rtt,REPLY_TO
ebl40qp,1164,0.0,ebk5rtt,REPLY_TO
ebl82qn,1165,0.0,ebk5rtt,REPLY_TO
eblffwq,1166,0.4936,ebk5rtt,REPLY_TO
eblrlqx,1167,0.0,ebk5rtt,REPLY_TO
eblux1q,1168,0.0,ebk5rtt,REPLY_TO
ebmirzs,1169,0.0,ebk5rtt,REPLY_TO
ebkxsbz,1170,0.0,ebk5rtt,REPLY_TO
ebkp0mi,1171,0.106,ebk5rtt,REPLY_TO
ebl0k1e,1173,0.0,ebki4b0,REPLY_TO
ebk78nl,1175,0.0,ebk4qm5,REPLY_TO
ebk9pwq,1176,0.0,ebk4qm5,REPLY_TO
ebkc0t8,1177,0.0,ebk4qm5,REPLY_TO
ebk93n4,1178,0.0,ebk4qm5,REPLY_TO
ebl4s32,1179,0.0,ebk4qm5,REPLY_TO
ebl3342,1180,0.0,ebk4qm5,REPLY_TO
ebkaotd,1182,0.1208,ebk86au,REPLY_TO
ebkl0bp,1183,0.0134,ebk86au,REPLY_TO
ebll7bo,1184,0.0,ebk86au,REPLY_TO
eblfx51,1185,0.0291,ebk86au,REPLY_TO
ebkhqot,1186,0.1299,ebk86au,REPLY_TO
ebklw26,1188,0.0,ebk74pv,REPLY_TO
ebl9nqj,1189,0.1617,ebk74pv,REPLY_TO
ebkdlqu,1191,0.3356,ebk9xnw,REPLY_TO
ebkimb0,1192,0.1087,ebk9xnw,REPLY_TO
ebkwcsv,1193,0.5847,ebk9xnw,REPLY_TO
ebkrnet,1194,0.1565,ebk9xnw,REPLY_TO
ebkg7ir,1195,0.2363,ebk9xnw,REPLY_TO
ebkawns,1197,0.1315,ebk9m7w,REPLY_TO
ebkmu7w,1198,0.0,ebk9m7w,REPLY_TO
ebkd87s,1200,0.0268,ebk3nmv,REPLY_TO
ebk4cl2,1201,0.0545,ebk3nmv,REPLY_TO
ebke4mb,1202,0.1681,ebk3nmv,REPLY_TO
ebkaqx0,1203,0.0,ebk3nmv,REPLY_TO
ebkn6jw,1205,0.0674,ebkakbn,REPLY_TO
ebko6z4,1207,0.1497,ebkmzqw,REPLY_TO
ebko763,1208,0.0,ebkmzqw,REPLY_TO
ebky4e2,1210,0.0651,ebkdiuw,REPLY_TO
eblahox,1212,0.0853,ebkvv8v,REPLY_TO
eblosa3,1213,0.0,ebkvv8v,REPLY_TO
ebkavgk,1216,0.0,ebk2qog,REPLY_TO
ebk7bzv,1222,0.2532,ebk5tet,REPLY_TO
ebk67bu,1223,0.0545,ebk5tet,REPLY_TO
ebk8hpa,1224,0.0,ebk5tet,REPLY_TO
ebk7a2q,1225,0.0,ebk5tet,REPLY_TO
ebkbf4p,1226,0.0,ebk5tet,REPLY_TO
ebk7bnz,1228,0.0,ebk5jje,REPLY_TO
ebk7119,1229,0.0234,ebk5jje,REPLY_TO
ebkt6vp,1231,0.0,ebknxk1,REPLY_TO
ebkrj79,1232,0.0,ebknxk1,REPLY_TO
ebl3kcb,1234,0.0,ebl0kwk,REPLY_TO
eblw9zp,1235,0.0,ebl0kwk,REPLY_TO
eborftn,1236,0.0,ebl0kwk,REPLY_TO
ebldt4n,1238,0.0,ebkj8rt,REPLY_TO
ebkk81e,1239,0.0274,ebkj8rt,REPLY_TO
eblm13s,1240,0.0418,ebkj8rt,REPLY_TO
eblxvmt,1241,0.1966,ebkj8rt,REPLY_TO
eblbtll,1242,0.0,ebkj8rt,REPLY_TO
ebmg7hc,1243,0.0206,ebkj8rt,REPLY_TO
eblr7nx,1244,0.0474,ebkj8rt,REPLY_TO
ebmporv,1245,0.0418,ebkj8rt,REPLY_TO
ebopeh7,1246,0.0407,ebkj8rt,REPLY_TO
ebl63tp,1247,0.0869,ebkj8rt,REPLY_TO
eblrmjc,1248,0.0,ebkj8rt,REPLY_TO
ebm716k,1249,0.0,ebkj8rt,REPLY_TO
ebmosye,1251,0.3446,ebkbxu1,REPLY_TO
eblcng8,1253,0.0,ebkcp0l,REPLY_TO
ebkfxud,1255,0.0,ebkctu9,REPLY_TO
ebkksxq,1257,0.0,ebk6z0y,REPLY_TO
ebkadoi,1258,0.0,ebk6z0y,REPLY_TO
ebkn2qv,1259,0.1708,ebk6z0y,REPLY_TO
ebldhw4,1260,0.0743,ebk6z0y,REPLY_TO
ebkgajp,1262,0.0,ebkfm6c,REPLY_TO
ebkhg66,1263,0.0,ebkfm6c,REPLY_TO
ebkhyey,1265,0.0,ebka2w6,REPLY_TO
ebl4658,1266,0.0494,ebka2w6,REPLY_TO
ebkhsn5,1267,0.0,ebka2w6,REPLY_TO
eblrp0n,1268,0.034,ebka2w6,REPLY_TO
eblvh7p,1271,0.0,ebl87gl,REPLY_TO
ebmbp72,1272,0.2605,ebl87gl,REPLY_TO
ebkrj6p,1274,0.0,ebklyho,REPLY_TO
ebks5vr,1275,0.0,ebklyho,REPLY_TO
ebk9n0b,1279,0.0,ebk8imx,REPLY_TO
ebkt8zk,1283,0.0,ebkm5oc,REPLY_TO
ebmbpce,1288,0.0,eblffwq,REPLY_TO
ebli3ll,1295,0.0,ebl0k1e,REPLY_TO
ebkc1q0,1297,0.0,ebk78nl,REPLY_TO
ebk9men,1298,0.1684,ebk78nl,REPLY_TO
ebl4sw0,1299,0.0,ebk78nl,REPLY_TO
eblnsng,1300,0.0826,ebk78nl,REPLY_TO
ebkjf94,1301,0.6702,ebk78nl,REPLY_TO
ebl4hkk,1303,0.1305,ebk9pwq,REPLY_TO
ebmuakp,1304,0.0,ebk9pwq,REPLY_TO
ebkc1p8,1310,0.0,ebkaotd,REPLY_TO
ebm11r4,1313,0.0,ebll7bo,REPLY_TO
ebl4rlm,1320,0.0906,ebkimb0,REPLY_TO
ebm6hin,1321,0.2108,ebkimb0,REPLY_TO
ebkrjih,1322,0.0,ebkimb0,REPLY_TO
ebmc9r6,1323,0.1228,ebkimb0,REPLY_TO
ebl9hl8,1327,0.1421,ebkg7ir,REPLY_TO
eblsmbo,1329,0.0,ebkawns,REPLY_TO
ebkzcwk,1331,0.0535,ebkmu7w,REPLY_TO
ebkouyi,1333,0.2041,ebkd87s,REPLY_TO
ebk5zci,1335,0.0,ebk4cl2,REPLY_TO
ebl0l2q,1336,0.0,ebk4cl2,REPLY_TO
ebkinmx,1337,0.0,ebk4cl2,REPLY_TO
ebkbwkp,1340,0.418,ebkaqx0,REPLY_TO
ebkc30e,1341,0.1634,ebkaqx0,REPLY_TO
ebkoajg,1342,0.1022,ebkaqx0,REPLY_TO
ebl5ess,1347,0.0843,ebky4e2,REPLY_TO
ebl0d8b,1348,0.0373,ebky4e2,REPLY_TO
eblotar,1350,0.1269,eblahox,REPLY_TO
ebm0mat,1351,0.037,eblahox,REPLY_TO
ebs15xz,1352,0.0797,eblahox,REPLY_TO
ebkcz2g,1355,0.0,ebkavgk,REPLY_TO
ebki80b,1356,0.0,ebkavgk,REPLY_TO
ebkcg17,1358,0.1713,ebk7bzv,REPLY_TO
ebkle4q,1362,0.0,ebk7a2q,REPLY_TO
ebk7tgi,1365,0.1152,ebk7bnz,REPLY_TO
ebl3tr6,1367,0.0569,ebk7119,REPLY_TO
ebk7o64,1368,0.0,ebk7119,REPLY_TO
ebllfpc,1370,0.0,ebkt6vp,REPLY_TO
eblaonl,1371,0.0,ebkt6vp,REPLY_TO
eblxnxo,1372,0.0,ebkt6vp,REPLY_TO
ebllig4,1374,0.0,ebkrj79,REPLY_TO
ebmhezm,1376,0.0,ebl3kcb,REPLY_TO
eblfk03,1380,0.061,ebldt4n,REPLY_TO
ebl4e48,1382,0.1357,ebkk81e,REPLY_TO
ebkupu2,1383,0.0806,ebkk81e,REPLY_TO
eblad19,1384,0.0,ebkk81e,REPLY_TO
eblqmms,1385,0.0834,ebkk81e,REPLY_TO
ebl0qq3,1386,0.0,ebkk81e,REPLY_TO
ebm4ay7,1387,0.0736,ebkk81e,REPLY_TO
ebmny7u,1388,0.2315,ebkk81e,REPLY_TO
ebmo945,1389,0.2604,ebkk81e,REPLY_TO
ebm4czz,1392,0.2355,eblxvmt,REPLY_TO
ebm7b2t,1401,0.0,ebm716k,REPLY_TO
ebkljck,1406,0.1708,ebkksxq,REPLY_TO
ebkdeoq,1408,0.0,ebkadoi,REPLY_TO
eblrlab,1410,0.0,ebkn2qv,REPLY_TO
eblirwd,1412,0.0942,ebldhw4,REPLY_TO
ebrn8f5,1413,0.0801,ebldhw4,REPLY_TO
ebld8ao,1415,0.0634,ebkgajp,REPLY_TO
ebkkh97,1418,0.0927,ebkhyey,REPLY_TO
ebkw1hr,1419,0.0,ebkhyey,REPLY_TO
eblx569,1420,0.0,ebkhyey,REPLY_TO
ebn8bj3,1421,0.2244,ebkhyey,REPLY_TO
ebmh522,1423,0.1817,ebl4658,REPLY_TO
ebkjkqy,1425,0.1094,ebkhsn5,REPLY_TO
ebkh6pr,1432,0.0,ebk9n0b,REPLY_TO
ebqbxs4,1435,0.0904,ebmbpce,REPLY_TO
eblnv6s,1437,0.0,ebli3ll,REPLY_TO
eblpgzi,1439,0.2061,ebkc1q0,REPLY_TO
ebl6kzv,1442,0.1617,ebl4sw0,REPLY_TO
ebkky79,1445,0.171,ebkjf94,REPLY_TO
eblfpv6,1447,0.1305,ebl4hkk,REPLY_TO
ebm6ca8,1452,0.4469,ebl4rlm,REPLY_TO
eblcmr4,1453,0.036,ebl4rlm,REPLY_TO
eblixb7,1456,0.0373,ebkrjih,REPLY_TO
ebku4h3,1457,0.1103,ebkrjih,REPLY_TO
ebkxej7,1458,0.0213,ebkrjih,REPLY_TO
ebldoib,1459,0.0599,ebkrjih,REPLY_TO
ebl8ndf,1464,0.1483,ebkzcwk,REPLY_TO
ebkryol,1466,0.1786,ebkouyi,REPLY_TO
ebl2pax,1467,0.0649,ebkouyi,REPLY_TO
ebmdo71,1468,0.0,ebkouyi,REPLY_TO
ebkovzs,1472,0.1804,ebkinmx,REPLY_TO
ebkkh7d,1473,0.0,ebkinmx,REPLY_TO
ebkorrd,1474,0.3359,ebkinmx,REPLY_TO
ebkpekw,1477,0.0367,ebkc30e,REPLY_TO
ebks1l6,1478,0.1189,ebkc30e,REPLY_TO
ebl6iap,1480,0.0646,ebkoajg,REPLY_TO
ebl6egr,1482,0.1066,ebl5ess,REPLY_TO
eblp74z,1484,0.0,ebl0d8b,REPLY_TO
ebm376s,1487,0.0,ebm0mat,REPLY_TO
ebkd9pc,1490,0.0,ebkcz2g,REPLY_TO
ebkpo51,1493,0.1221,ebkcg17,REPLY_TO
ebllf4s,1494,0.1438,ebkcg17,REPLY_TO
ebk8az2,1497,0.1,ebk7tgi,REPLY_TO
ebk7s6y,1500,0.0,ebk7o64,REPLY_TO
ebkmbsb,1501,0.0,ebk7o64,REPLY_TO
ebqcdkk,1503,0.0406,ebllfpc,REPLY_TO
eblen7i,1510,0.0864,ebl4e48,REPLY_TO
eblgxzs,1511,0.2224,ebl4e48,REPLY_TO
eblk8u8,1512,0.2324,ebl4e48,REPLY_TO
eblf083,1513,0.1396,ebl4e48,REPLY_TO
ebkwj6i,1515,0.1837,ebkupu2,REPLY_TO
ebm4bj6,1519,0.1943,ebl0qq3,REPLY_TO
ebklnzc,1526,0.0,ebkljck,REPLY_TO
ebliiov,1527,0.0,ebkljck,REPLY_TO
ebrmz5k,1530,0.0238,eblrlab,REPLY_TO
ebltj10,1532,0.0,eblirwd,REPLY_TO
ebm4edw,1533,0.1,eblirwd,REPLY_TO
ebrndwm,1534,0.1734,eblirwd,REPLY_TO
eblnnz4,1538,0.1844,ebkkh97,REPLY_TO
ebl4w7m,1540,0.0,ebkw1hr,REPLY_TO
eblhwwu,1545,0.0,ebkjkqy,REPLY_TO
eblrb2m,1546,0.113,ebkjkqy,REPLY_TO
ebkn1oh,1548,0.238,ebkh6pr,REPLY_TO
ebl6fho,1549,0.1059,ebkh6pr,REPLY_TO
ebraouk,1551,0.0,ebqbxs4,REPLY_TO
eblddvp,1555,0.1506,ebl6kzv,REPLY_TO
eblccmx,1557,0.0373,ebkky79,REPLY_TO
ebknphb,1558,0.05,ebkky79,REPLY_TO
eblga7s,1560,0.0,eblfpv6,REPLY_TO
eblt6q0,1561,0.3911,eblfpv6,REPLY_TO
ebm0osf,1565,0.0268,eblixb7,REPLY_TO
eblplbj,1568,0.1461,ebkxej7,REPLY_TO
ebksc86,1572,0.121,ebkryol,REPLY_TO
ebl8pb8,1574,0.0658,ebl2pax,REPLY_TO
ebmwjew,1576,0.1056,ebmdo71,REPLY_TO
ebmcn19,1579,0.0,ebkkh7d,REPLY_TO
ebkdhxc,1588,0.0,ebkd9pc,REPLY_TO
eblotli,1590,0.0,ebkpo51,REPLY_TO
ebmbtiz,1591,0.1423,ebkpo51,REPLY_TO
ebk8k2g,1594,0.0616,ebk8az2,REPLY_TO
ebk87q4,1596,0.2565,ebk7s6y,REPLY_TO
ebkn2ai,1598,0.0,ebkmbsb,REPLY_TO
ebqko59,1600,0.0425,ebqcdkk,REPLY_TO
eblkffy,1602,0.0491,eblen7i,REPLY_TO
ebm4c51,1603,0.1096,eblen7i,REPLY_TO
eblod6e,1605,0.1174,eblgxzs,REPLY_TO
ebkzwaw,1609,0.0379,ebkwj6i,REPLY_TO
eblqxg7,1610,0.0805,ebkwj6i,REPLY_TO
ebld526,1611,0.157,ebkwj6i,REPLY_TO
ebkpiq6,1614,0.025,ebklnzc,REPLY_TO
ebmrmqw,1615,0.1075,ebklnzc,REPLY_TO
eblktqg,1617,0.0329,ebliiov,REPLY_TO
ebnx4xd,1620,0.0,ebltj10,REPLY_TO
ebnwyzt,1622,0.024,ebm4edw,REPLY_TO
eblxq2r,1625,0.064,eblnnz4,REPLY_TO
ebko2ow,1630,0.1035,ebkn1oh,REPLY_TO
ebkpup0,1631,0.1175,ebkn1oh,REPLY_TO
ebkwqs6,1637,0.0705,ebknphb,REPLY_TO
ebljijw,1639,0.0,eblga7s,REPLY_TO
ebm1nfn,1642,0.1173,ebm0osf,REPLY_TO
ebl4pv2,1645,0.196,ebksc86,REPLY_TO
ebmvyhj,1649,0.0,ebmcn19,REPLY_TO
ebkjs67,1651,0.0,ebkdhxc,REPLY_TO
ebmx7t6,1654,0.2359,ebmbtiz,REPLY_TO
ebk951t,1656,0.0352,ebk8k2g,REPLY_TO
ebka4ls,1658,0.0601,ebk87q4,REPLY_TO
eblmvqa,1662,0.069,eblkffy,REPLY_TO
ebl6v5k,1666,0.0636,ebkzwaw,REPLY_TO
ebkq04k,1670,0.2897,ebkpiq6,REPLY_TO
eblop60,1673,0.0698,eblktqg,REPLY_TO
ebkt34f,1678,0.2085,ebko2ow,REPLY_TO
ebkypai,1679,0.0,ebko2ow,REPLY_TO
ebksyly,1681,0.1341,ebkpup0,REPLY_TO
ebm25nz,1685,0.0,ebm1nfn,REPLY_TO
ebklgwy,1689,0.0,ebkjs67,REPLY_TO
ebk99i0,1692,0.0,ebk951t,REPLY_TO
ebkvc1i,1697,0.1205,ebkq04k,REPLY_TO
ebkq3zu,1698,0.0,ebkq04k,REPLY_TO
eblm4sw,1699,0.0,ebkq04k,REPLY_TO
ebl46f1,1702,0.208,ebkt34f,REPLY_TO
ebkyu84,1704,0.0512,ebkypai,REPLY_TO
ebl0h4l,1708,0.0,ebklgwy,REPLY_TO
ebl0rm0,1709,0.0,ebklgwy,REPLY_TO
ebk9amh,1711,0.0,ebk99i0,REPLY_TO
ebkwcss,1713,0.0997,ebkvc1i,REPLY_TO
ebkwfqb,1715,0.0,ebkq3zu,REPLY_TO
eblttvf,1717,0.0204,eblm4sw,REPLY_TO
eblgazc,1719,0.1012,ebl46f1,REPLY_TO
ebkyzrh,1721,0.0,ebkyu84,REPLY_TO
eblvxy2,1724,0.0,ebl0rm0,REPLY_TO
ebka89h,1726,0.0,ebk9amh,REPLY_TO
eblmt4x,1728,0.1513,ebkwcss,REPLY_TO
ebkz5iz,1733,0.046,ebkyzrh,REPLY_TO
ebm7aan,1735,0.0,eblvxy2,REPLY_TO
ebkc1ks,1737,0.068,ebka89h,REPLY_TO
ebkd5sy,1738,0.0927,ebka89h,REPLY_TO
eblbkqw,1741,0.0,ebkz5iz,REPLY_TO
ebkdbpk,1745,0.2445,ebkd5sy,REPLY_TO
ebkehop,1748,0.2052,ebkdbpk,REPLY_TO
ebkiu64,1751,0.0237,ebkihpi,REPLY_TO
ebl762n,1752,0.0,ebkihpi,REPLY_TO
ebm86mz,1753,0.0,ebkihpi,REPLY_TO
ebp03qx,1754,0.0,ebkihpi,REPLY_TO
eblo3sw,1756,0.1263,ebknyud,REPLY_TO
ebm5g5b,1758,0.1131,eblhsrt,REPLY_TO
ebllklm,1759,0.0314,eblhsrt,REPLY_TO
ebmai7u,1760,0.1034,eblhsrt,REPLY_TO
ebngdpj,1761,0.2085,eblhsrt,REPLY_TO
eblr70c,1763,0.111,ebkkvsc,REPLY_TO
eblbosf,1764,0.0,ebkkvsc,REPLY_TO
eblwkoc,1765,0.0873,ebkkvsc,REPLY_TO
eblx5vq,1766,0.0,ebkkvsc,REPLY_TO
ebm1bah,1767,0.1363,ebkkvsc,REPLY_TO
ebm482b,1768,0.2636,ebkkvsc,REPLY_TO
ebkkn8c,1771,0.0854,ebkk5s3,REPLY_TO
ebl63sw,1772,0.1116,ebkk5s3,REPLY_TO
eblefio,1773,0.2444,ebkk5s3,REPLY_TO
eblcuff,1774,0.1566,ebkk5s3,REPLY_TO
eblh9yw,1775,0.1245,ebkk5s3,REPLY_TO
ebllm1n,1776,0.2169,ebkk5s3,REPLY_TO
eblo3wv,1777,0.0199,ebkk5s3,REPLY_TO
ebngz10,1778,0.2202,ebkk5s3,REPLY_TO
ebl7p1l,1779,0.1207,ebkk5s3,REPLY_TO
eblwog9,1780,0.044,ebkk5s3,REPLY_TO
eblhs9k,1782,0.1011,ebl8z69,REPLY_TO
ebmb6t2,1783,0.0678,ebl8z69,REPLY_TO
ebma63q,1786,0.0,ebm8h6q,REPLY_TO
ebmds3l,1787,0.2275,ebm8h6q,REPLY_TO
ebnipt8,1788,0.1403,ebm8h6q,REPLY_TO
eble8tl,1790,0.0,eblc9my,REPLY_TO
ebme8zq,1791,0.1363,eblc9my,REPLY_TO
ebm79y9,1792,0.1011,eblc9my,REPLY_TO
eblltuq,1794,0.0,eblhvl0,REPLY_TO
ebma7e8,1796,0.0,ebm7st5,REPLY_TO
ebnit6n,1797,0.0182,ebm7st5,REPLY_TO
ebm92k9,1798,0.0563,ebm7st5,REPLY_TO
ebl2b6l,1801,0.0,ebkzu9k,REPLY_TO
ebmf6ql,1804,0.0162,ebl5p0i,REPLY_TO
ebmfejo,1807,0.1048,ebmcg95,REPLY_TO
ebo6eei,1808,0.0991,ebmcg95,REPLY_TO
ebmjjgt,1810,0.0,ebmcwo7,REPLY_TO
ebmeklc,1813,0.1454,ebl4lfk,REPLY_TO
eblt95x,1815,0.0695,ebl7fpq,REPLY_TO
ebltiii,1816,0.0708,ebl7fpq,REPLY_TO
eblll2v,1817,0.2033,ebl7fpq,REPLY_TO
ebmm67j,1818,0.1825,ebl7fpq,REPLY_TO
ebmegdh,1826,0.0934,ebm5oyl,REPLY_TO
ebmhgus,1828,0.0934,ebmekun,REPLY_TO
ebmekvw,1829,0.1611,ebmekun,REPLY_TO
ebl98cq,1831,0.0821,ebky6uk,REPLY_TO
ebl0m3s,1832,0.0,ebky6uk,REPLY_TO
ebl7s1m,1833,0.0651,ebky6uk,REPLY_TO
ebmee65,1834,0.1238,ebky6uk,REPLY_TO
ebl3uwn,1835,0.0,ebky6uk,REPLY_TO
ebktjmc,1837,0.0,ebkogrj,REPLY_TO
ebl352a,1839,0.0383,ebkiu64,REPLY_TO
ebklghs,1840,0.1583,ebkiu64,REPLY_TO
ebkmkrw,1841,0.0561,ebkiu64,REPLY_TO
eblmy94,1842,0.0903,ebkiu64,REPLY_TO
ebm7pag,1843,0.0,ebkiu64,REPLY_TO
ebmacos,1844,0.054,ebkiu64,REPLY_TO
ebmcmnn,1845,0.1272,ebkiu64,REPLY_TO
ebltbpw,1850,0.0964,eblo3sw,REPLY_TO
eblzppr,1853,0.062,ebllklm,REPLY_TO
ebm8vm2,1854,0.074,ebllklm,REPLY_TO
ebn2w7w,1855,0.0139,ebllklm,REPLY_TO
ebmjt52,1857,0.0971,ebmai7u,REPLY_TO
eblrfmr,1860,0.0246,eblr70c,REPLY_TO
ebm35xe,1861,0.0552,eblr70c,REPLY_TO
ebmaini,1862,0.0879,eblr70c,REPLY_TO
ebmarax,1864,0.0,eblbosf,REPLY_TO
ebm17jm,1866,0.0979,eblwkoc,REPLY_TO
eblxbh2,1868,0.0,eblx5vq,REPLY_TO
ebm4hqw,1871,0.0959,ebm482b,REPLY_TO
ebmcpoc,1873,0.0654,ebkkn8c,REPLY_TO
ebmec7e,1876,0.1779,eblefio,REPLY_TO
ebljoq9,1878,0.0,eblcuff,REPLY_TO
ebni2sr,1885,0.048,eblwog9,REPLY_TO
ebmnwyv,1887,0.0,eblhs9k,REPLY_TO
ebmetgm,1890,0.0,ebma63q,REPLY_TO
ebln3de,1894,0.0,eble8tl,REPLY_TO
ebluxvi,1895,0.0,eble8tl,REPLY_TO
ebm8fyu,1896,0.0,eble8tl,REPLY_TO
ebmucjw,1897,0.0,eble8tl,REPLY_TO
ebqbnu4,1898,0.1144,eble8tl,REPLY_TO
ebli0zk,1899,0.1321,eble8tl,REPLY_TO
eblfvly,1900,0.0,eble8tl,REPLY_TO
eblwdoj,1904,0.0406,eblltuq,REPLY_TO
eblv5zc,1905,0.0,eblltuq,REPLY_TO
ebmc2o5,1909,0.0,ebm92k9,REPLY_TO
ebmfwqu,1913,0.1482,ebmfejo,REPLY_TO
ebmf9qe,1917,0.1874,ebmeklc,REPLY_TO
ebmlszo,1918,0.0326,ebmeklc,REPLY_TO
ebnj52l,1919,0.0687,ebmeklc,REPLY_TO
ebmclbe,1922,0.0,ebltiii,REPLY_TO
ebmfcpo,1923,0.0,ebltiii,REPLY_TO
ebmhlkt,1925,0.0,eblll2v,REPLY_TO
ebndm5k,1931,0.0532,ebl98cq,REPLY_TO
ebl5j1s,1933,0.0,ebl0m3s,REPLY_TO
ebl9s94,1935,0.0681,ebl7s1m,REPLY_TO
ebl6eus,1938,0.0,ebl3uwn,REPLY_TO
ebl7ui5,1939,0.0,ebl3uwn,REPLY_TO
ebl66np,1940,0.0,ebl3uwn,REPLY_TO
ebl8ruz,1941,0.0,ebl3uwn,REPLY_TO
ebl8d6q,1943,0.0,ebktjmc,REPLY_TO
ebl3hgy,1945,0.161,ebl352a,REPLY_TO
ebl76t5,1946,0.2144,ebl352a,REPLY_TO
eblvsmc,1947,0.202,ebl352a,REPLY_TO
ebkloyr,1949,0.0,ebklghs,REPLY_TO
ebl6xli,1950,0.1077,ebklghs,REPLY_TO
ebmavc2,1951,0.0492,ebklghs,REPLY_TO
eblg19o,1952,0.0773,ebklghs,REPLY_TO
ebkx5c7,1953,0.3352,ebklghs,REPLY_TO
ebmcckl,1954,0.0,ebklghs,REPLY_TO
ebmxibe,1955,0.2412,ebklghs,REPLY_TO
ebl30yv,1957,0.0666,ebkmkrw,REPLY_TO
eblcy8h,1958,0.0511,ebkmkrw,REPLY_TO
ebl7iem,1959,0.2061,ebkmkrw,REPLY_TO
ebmaoio,1960,0.0516,ebkmkrw,REPLY_TO
eblequ6,1961,0.1721,ebkmkrw,REPLY_TO
ebm2kj6,1967,0.2095,ebltbpw,REPLY_TO
ebnirml,1969,0.1066,eblzppr,REPLY_TO
ebmk77t,1973,0.113,ebmjt52,REPLY_TO
ebr73rp,1975,0.1208,eblrfmr,REPLY_TO
ebmh8sv,1978,0.0573,ebmaini,REPLY_TO
ebmshsm,1980,0.2043,ebmarax,REPLY_TO
ebm3ic3,1982,0.0815,ebm17jm,REPLY_TO
ebm75ti,1983,0.0,ebm17jm,REPLY_TO
ebmeuvh,1988,0.2205,ebmec7e,REPLY_TO
ebnhgsg,1989,0.3149,ebmec7e,REPLY_TO
ebo2gwu,1991,0.0,ebljoq9,REPLY_TO
ebmo65y,1994,0.0,ebmnwyv,REPLY_TO
ebmetup,1996,0.0,ebmetgm,REPLY_TO
ebns9x1,1997,0.0,ebmetgm,REPLY_TO
eblp8g7,1999,0.1363,ebln3de,REPLY_TO
eblxn9i,2005,0.0,ebli0zk,REPLY_TO
ebmdf3g,2008,0.0,eblwdoj,REPLY_TO
ebmcbh7,2011,0.0,ebmc2o5,REPLY_TO
ebmg284,2013,0.5743,ebmfwqu,REPLY_TO
ebl7thg,2022,0.1305,ebl5j1s,REPLY_TO
ebmm9a6,2023,0.0442,ebl5j1s,REPLY_TO
ebnefwd,2026,0.2151,ebl6eus,REPLY_TO
eblite1,2028,0.0229,ebl7ui5,REPLY_TO
ebp1hnj,2033,0.0289,ebl3hgy,REPLY_TO
ebl7nh8,2035,0.3268,ebl76t5,REPLY_TO
ebma7uz,2036,0.1935,ebl76t5,REPLY_TO
ebkpmxl,2039,0.0,ebkloyr,REPLY_TO
eblcvhm,2040,0.0424,ebkloyr,REPLY_TO
ebmh74e,2041,0.1681,ebkloyr,REPLY_TO
eblmrbc,2045,0.0392,eblg19o,REPLY_TO
ebm17j4,2050,0.0,ebl30yv,REPLY_TO
ebm3go9,2052,0.0289,eblcy8h,REPLY_TO
ebm9dfv,2057,0.0,ebm2kj6,REPLY_TO
ebmjfxi,2058,0.0,ebm2kj6,REPLY_TO
ebp0so2,2060,0.0397,ebnirml,REPLY_TO
ebms1pp,2062,0.0593,ebmk77t,REPLY_TO
ebr76l9,2064,0.1928,ebr73rp,REPLY_TO
ebm4fjx,2068,0.3599,ebm3ic3,REPLY_TO
ebmallz,2069,0.1325,ebm3ic3,REPLY_TO
ebo0dhq,2073,0.1371,ebnhgsg,REPLY_TO
ebo58iv,2075,0.0,ebo2gwu,REPLY_TO
ebo4ckl,2076,0.0,ebo2gwu,REPLY_TO
ebne63o,2079,0.0,ebmetup,REPLY_TO
eblpa2n,2082,0.0,eblp8g7,REPLY_TO
eblzfug,2084,0.0613,eblxn9i,REPLY_TO
ebmgler,2086,0.0364,ebmdf3g,REPLY_TO
ebn1rzr,2087,0.088,ebmdf3g,REPLY_TO
ebmju87,2094,0.0,eblite1,REPLY_TO
ebp2a3v,2096,0.0787,ebp1hnj,REPLY_TO
eblkfkq,2098,0.2134,ebl7nh8,REPLY_TO
eblek98,2099,0.0723,ebl7nh8,REPLY_TO
ebmaml0,2100,0.0546,ebl7nh8,REPLY_TO
ebmhsjb,2102,0.1478,ebma7uz,REPLY_TO
ebkqql0,2104,0.1208,ebkpmxl,REPLY_TO
ebm37k4,2105,0.0,ebkpmxl,REPLY_TO
ebld8k3,2107,0.0,eblcvhm,REPLY_TO
eblie6f,2108,0.0647,eblcvhm,REPLY_TO
ebmdd7o,2111,0.0776,eblmrbc,REPLY_TO
ebmdqwq,2114,0.0561,ebm3go9,REPLY_TO
ebmeubi,2115,0.0,ebm3go9,REPLY_TO
ebmct0a,2117,0.0,ebm9dfv,REPLY_TO
ebmychd,2121,0.0469,ebms1pp,REPLY_TO
ebr8fng,2123,0.0408,ebr76l9,REPLY_TO
ebq3evs,2127,0.2211,ebo0dhq,REPLY_TO
ebo7gcr,2130,0.0644,ebo4ckl,REPLY_TO
ebop5di,2132,0.0,ebne63o,REPLY_TO
ebm4usd,2134,0.0,eblpa2n,REPLY_TO
ebnjr6u,2135,0.0,eblpa2n,REPLY_TO
ebmh7tb,2137,0.099,eblzfug,REPLY_TO
ebp573p,2142,0.3486,ebp2a3v,REPLY_TO
ebllhav,2144,0.055,eblkfkq,REPLY_TO
ebllw7x,2146,0.1238,eblek98,REPLY_TO
eblgt37,2147,0.6029,eblek98,REPLY_TO
ebmkra6,2150,0.0606,ebmhsjb,REPLY_TO
ebkwsc6,2152,0.1086,ebkqql0,REPLY_TO
ebmejjf,2153,0.113,ebkqql0,REPLY_TO
eblceuo,2154,0.0,ebkqql0,REPLY_TO
ebktj57,2155,0.1142,ebkqql0,REPLY_TO
ebl7jyb,2156,0.0612,ebkqql0,REPLY_TO
ebpf11k,2173,0.0268,ebp573p,REPLY_TO
eblo485,2176,0.2513,ebllw7x,REPLY_TO
ebmgcjz,2177,0.1371,ebllw7x,REPLY_TO
eblod5g,2179,0.4804,eblgt37,REPLY_TO
ebmxaed,2181,0.0923,ebmkra6,REPLY_TO
ebl4vfn,2183,0.3584,ebkwsc6,REPLY_TO
ebkz9vq,2184,0.0,ebkwsc6,REPLY_TO
eblp1tk,2185,0.2129,ebkwsc6,REPLY_TO
ebl4tlz,2186,0.0,ebkwsc6,REPLY_TO
ebmc2hr,2189,0.0,eblceuo,REPLY_TO
eborl2y,2190,0.1732,eblceuo,REPLY_TO
ebkwvev,2192,0.0818,ebktj57,REPLY_TO
eblirw3,2194,0.2961,ebl7jyb,REPLY_TO
ebqfgbu,2196,0.0122,ebpf11k,REPLY_TO
eblovcg,2198,0.1763,eblo485,REPLY_TO
ebmcd7y,2199,0.0853,eblo485,REPLY_TO
ebmegip,2208,0.0,ebmc2hr,REPLY_TO
ebouioh,2210,0.0,eborl2y,REPLY_TO
eblp0es,2213,0.0267,eblirw3,REPLY_TO
eblrmxs,2216,0.1792,eblovcg,REPLY_TO
ebmn0m0,2218,0.204,ebmcd7y,REPLY_TO
ebmkt49,2220,0.1123,ebmegip,REPLY_TO
ebmoumx,2225,0.0674,ebmn0m0,REPLY_TO
ebmlvuq,2227,0.0694,ebmkt49,REPLY_TO
ebo720z,2230,0.1096,ebmlvuq,REPLY_TO
ebodhrr,2232,0.0512,ebo720z,REPLY_TO
