:START_ID,id,:END_ID,:TYPE
ebkfeew,0,a55xbm,_IN
ebk5rtt,2,a55xbm,_IN
ebki4b0,4,a55xbm,_IN
ebk4qm5,6,a55xbm,_IN
ebk86au,8,a55xbm,_IN
ebk74pv,10,a55xbm,_IN
ebk9xnw,12,a55xbm,_IN
ebk9m7w,14,a55xbm,_IN
ebk3nmv,16,a55xbm,_IN
ebkakbn,18,a55xbm,_IN
ebkmzqw,20,a55xbm,_IN
ebkdiuw,22,a55xbm,_IN
ebkvv8v,24,a55xbm,_IN
ebliswm,26,a55xbm,_IN
ebk2qog,28,a55xbm,_IN
ebkqwgv,30,a55xbm,_IN
ebl3pru,32,a55xbm,_IN
ebmqj11,34,a55xbm,_IN
ebn848e,36,a55xbm,_IN
ebk5tet,38,a55xbm,_IN
ebk5jje,40,a55xbm,_IN
ebknxk1,42,a55xbm,_IN
ebl0kwk,44,a55xbm,_IN
ebkj8rt,46,a55xbm,_IN
ebkbxu1,48,a55xbm,_IN
ebkcp0l,50,a55xbm,_IN
ebkctu9,52,a55xbm,_IN
ebk6z0y,54,a55xbm,_IN
ebkfm6c,56,a55xbm,_IN
ebka2w6,58,a55xbm,_IN
ebktjua,60,a55xbm,_IN
ebl87gl,62,a55xbm,_IN
ebklyho,64,a55xbm,_IN
ebkf4rb,66,a55xbm,_IN
ebknzrv,68,a55xbm,_IN
ebk8imx,70,a55xbm,_IN
ebkhajk,72,a55xbm,_IN
ebkmo08,74,a55xbm,_IN
ebkm5oc,76,a55xbm,_IN
eblfufy,78,a55xbm,_IN
ebl40qp,80,a55xbm,_IN
ebl82qn,82,a55xbm,_IN
eblffwq,84,a55xbm,_IN
eblrlqx,86,a55xbm,_IN
eblux1q,88,a55xbm,_IN
ebmirzs,90,a55xbm,_IN
ebkxsbz,92,a55xbm,_IN
ebkp0mi,94,a55xbm,_IN
ebl0k1e,96,a55xbm,_IN
ebk78nl,98,a55xbm,_IN
ebk9pwq,100,a55xbm,_IN
ebkc0t8,102,a55xbm,_IN
ebk93n4,104,a55xbm,_IN
ebl4s32,106,a55xbm,_IN
ebl3342,108,a55xbm,_IN
ebkaotd,110,a55xbm,_IN
ebkl0bp,112,a55xbm,_IN
ebll7bo,114,a55xbm,_IN
eblfx51,116,a55xbm,_IN
ebkhqot,118,a55xbm,_IN
ebklw26,120,a55xbm,_IN
ebl9nqj,122,a55xbm,_IN
ebkdlqu,124,a55xbm,_IN
ebkimb0,126,a55xbm,_IN
ebkwcsv,128,a55xbm,_IN
ebkrnet,130,a55xbm,_IN
ebkg7ir,132,a55xbm,_IN
ebkawns,134,a55xbm,_IN
ebkmu7w,136,a55xbm,_IN
ebkd87s,138,a55xbm,_IN
ebk4cl2,140,a55xbm,_IN
ebke4mb,142,a55xbm,_IN
ebkaqx0,144,a55xbm,_IN
ebkn6jw,146,a55xbm,_IN
ebko6z4,148,a55xbm,_IN
ebko763,150,a55xbm,_IN
ebky4e2,152,a55xbm,_IN
eblahox,154,a55xbm,_IN
eblosa3,156,a55xbm,_IN
ebkavgk,158,a55xbm,_IN
ebk7bzv,160,a55xbm,_IN
ebk67bu,162,a55xbm,_IN
ebk8hpa,164,a55xbm,_IN
ebk7a2q,166,a55xbm,_IN
ebkbf4p,168,a55xbm,_IN
ebk7bnz,170,a55xbm,_IN
ebk7119,172,a55xbm,_IN
ebkt6vp,174,a55xbm,_IN
ebkrj79,176,a55xbm,_IN
ebl3kcb,178,a55xbm,_IN
eblw9zp,180,a55xbm,_IN
eborftn,182,a55xbm,_IN
ebldt4n,184,a55xbm,_IN
ebkk81e,186,a55xbm,_IN
eblm13s,188,a55xbm,_IN
eblxvmt,190,a55xbm,_IN
eblbtll,192,a55xbm,_IN
ebmg7hc,194,a55xbm,_IN
eblr7nx,196,a55xbm,_IN
ebmporv,198,a55xbm,_IN
ebopeh7,200,a55xbm,_IN
ebl63tp,202,a55xbm,_IN
eblrmjc,204,a55xbm,_IN
ebm716k,206,a55xbm,_IN
ebmosye,208,a55xbm,_IN
eblcng8,210,a55xbm,_IN
ebkfxud,212,a55xbm,_IN
ebkksxq,214,a55xbm,_IN
ebkadoi,216,a55xbm,_IN
ebkn2qv,218,a55xbm,_IN
ebldhw4,220,a55xbm,_IN
ebkgajp,222,a55xbm,_IN
ebkhg66,224,a55xbm,_IN
ebkhyey,226,a55xbm,_IN
ebl4658,228,a55xbm,_IN
ebkhsn5,230,a55xbm,_IN
eblrp0n,232,a55xbm,_IN
eblvh7p,234,a55xbm,_IN
ebmbp72,236,a55xbm,_IN
ebkrj6p,238,a55xbm,_IN
ebks5vr,240,a55xbm,_IN
ebk9n0b,242,a55xbm,_IN
ebkt8zk,244,a55xbm,_IN
ebmbpce,246,a55xbm,_IN
ebli3ll,248,a55xbm,_IN
ebkc1q0,250,a55xbm,_IN
ebk9men,252,a55xbm,_IN
ebl4sw0,254,a55xbm,_IN
eblnsng,256,a55xbm,_IN
ebkjf94,258,a55xbm,_IN
ebl4hkk,260,a55xbm,_IN
ebmuakp,262,a55xbm,_IN
ebkc1p8,264,a55xbm,_IN
ebm11r4,266,a55xbm,_IN
ebl4rlm,268,a55xbm,_IN
ebm6hin,270,a55xbm,_IN
ebkrjih,272,a55xbm,_IN
ebmc9r6,274,a55xbm,_IN
ebl9hl8,276,a55xbm,_IN
eblsmbo,278,a55xbm,_IN
ebkzcwk,280,a55xbm,_IN
ebkouyi,282,a55xbm,_IN
ebk5zci,284,a55xbm,_IN
ebl0l2q,286,a55xbm,_IN
ebkinmx,288,a55xbm,_IN
ebkbwkp,290,a55xbm,_IN
ebkc30e,292,a55xbm,_IN
ebkoajg,294,a55xbm,_IN
ebl5ess,296,a55xbm,_IN
ebl0d8b,298,a55xbm,_IN
eblotar,300,a55xbm,_IN
ebm0mat,302,a55xbm,_IN
ebs15xz,304,a55xbm,_IN
ebkcz2g,306,a55xbm,_IN
ebki80b,308,a55xbm,_IN
ebkcg17,310,a55xbm,_IN
ebkle4q,312,a55xbm,_IN
ebk7tgi,314,a55xbm,_IN
ebl3tr6,316,a55xbm,_IN
ebk7o64,318,a55xbm,_IN
ebllfpc,320,a55xbm,_IN
eblaonl,322,a55xbm,_IN
eblxnxo,324,a55xbm,_IN
ebllig4,326,a55xbm,_IN
ebmhezm,328,a55xbm,_IN
eblfk03,330,a55xbm,_IN
ebl4e48,332,a55xbm,_IN
ebkupu2,334,a55xbm,_IN
eblad19,336,a55xbm,_IN
eblqmms,338,a55xbm,_IN
ebl0qq3,340,a55xbm,_IN
ebm4ay7,342,a55xbm,_IN
ebmny7u,344,a55xbm,_IN
ebmo945,346,a55xbm,_IN
ebm4czz,348,a55xbm,_IN
ebm7b2t,350,a55xbm,_IN
ebkljck,352,a55xbm,_IN
ebkdeoq,354,a55xbm,_IN
eblrlab,356,a55xbm,_IN
eblirwd,358,a55xbm,_IN
ebrn8f5,360,a55xbm,_IN
ebld8ao,362,a55xbm,_IN
ebkkh97,364,a55xbm,_IN
ebkw1hr,366,a55xbm,_IN
eblx569,368,a55xbm,_IN
ebn8bj3,370,a55xbm,_IN
ebmh522,372,a55xbm,_IN
ebkjkqy,374,a55xbm,_IN
ebkh6pr,376,a55xbm,_IN
ebqbxs4,378,a55xbm,_IN
eblnv6s,380,a55xbm,_IN
eblpgzi,382,a55xbm,_IN
ebl6kzv,384,a55xbm,_IN
ebkky79,386,a55xbm,_IN
eblfpv6,388,a55xbm,_IN
ebm6ca8,390,a55xbm,_IN
eblcmr4,392,a55xbm,_IN
eblixb7,394,a55xbm,_IN
ebku4h3,396,a55xbm,_IN
ebkxej7,398,a55xbm,_IN
ebldoib,400,a55xbm,_IN
ebl8ndf,402,a55xbm,_IN
ebkryol,404,a55xbm,_IN
ebl2pax,406,a55xbm,_IN
ebmdo71,408,a55xbm,_IN
ebkovzs,410,a55xbm,_IN
ebkkh7d,412,a55xbm,_IN
ebkorrd,414,a55xbm,_IN
ebkpekw,416,a55xbm,_IN
ebks1l6,418,a55xbm,_IN
ebl6iap,420,a55xbm,_IN
ebl6egr,422,a55xbm,_IN
eblp74z,424,a55xbm,_IN
ebm376s,426,a55xbm,_IN
ebkd9pc,428,a55xbm,_IN
ebkpo51,430,a55xbm,_IN
ebllf4s,432,a55xbm,_IN
ebk8az2,434,a55xbm,_IN
ebk7s6y,436,a55xbm,_IN
ebkmbsb,438,a55xbm,_IN
ebqcdkk,440,a55xbm,_IN
eblen7i,442,a55xbm,_IN
eblgxzs,444,a55xbm,_IN
eblk8u8,446,a55xbm,_IN
eblf083,448,a55xbm,_IN
ebkwj6i,450,a55xbm,_IN
ebm4bj6,452,a55xbm,_IN
ebklnzc,454,a55xbm,_IN
ebliiov,456,a55xbm,_IN
ebrmz5k,458,a55xbm,_IN
ebltj10,460,a55xbm,_IN
ebm4edw,462,a55xbm,_IN
ebrndwm,464,a55xbm,_IN
eblnnz4,466,a55xbm,_IN
ebl4w7m,468,a55xbm,_IN
eblhwwu,470,a55xbm,_IN
eblrb2m,472,a55xbm,_IN
ebkn1oh,474,a55xbm,_IN
ebl6fho,476,a55xbm,_IN
ebraouk,478,a55xbm,_IN
eblddvp,480,a55xbm,_IN
eblccmx,482,a55xbm,_IN
ebknphb,484,a55xbm,_IN
eblga7s,486,a55xbm,_IN
eblt6q0,488,a55xbm,_IN
ebm0osf,490,a55xbm,_IN
eblplbj,492,a55xbm,_IN
ebksc86,494,a55xbm,_IN
ebl8pb8,496,a55xbm,_IN
ebmwjew,498,a55xbm,_IN
ebmcn19,500,a55xbm,_IN
ebkdhxc,502,a55xbm,_IN
eblotli,504,a55xbm,_IN
ebmbtiz,506,a55xbm,_IN
ebk8k2g,508,a55xbm,_IN
ebk87q4,510,a55xbm,_IN
ebkn2ai,512,a55xbm,_IN
ebqko59,514,a55xbm,_IN
eblkffy,516,a55xbm,_IN
ebm4c51,518,a55xbm,_IN
eblod6e,520,a55xbm,_IN
ebkzwaw,522,a55xbm,_IN
eblqxg7,524,a55xbm,_IN
ebld526,526,a55xbm,_IN
ebkpiq6,528,a55xbm,_IN
ebmrmqw,530,a55xbm,_IN
eblktqg,532,a55xbm,_IN
ebnx4xd,534,a55xbm,_IN
ebnwyzt,536,a55xbm,_IN
eblxq2r,538,a55xbm,_IN
ebko2ow,540,a55xbm,_IN
ebkpup0,542,a55xbm,_IN
ebkwqs6,544,a55xbm,_IN
ebljijw,546,a55xbm,_IN
ebm1nfn,548,a55xbm,_IN
ebl4pv2,550,a55xbm,_IN
ebmvyhj,552,a55xbm,_IN
ebkjs67,554,a55xbm,_IN
ebmx7t6,556,a55xbm,_IN
ebk951t,558,a55xbm,_IN
ebka4ls,560,a55xbm,_IN
eblmvqa,562,a55xbm,_IN
ebl6v5k,564,a55xbm,_IN
ebkq04k,566,a55xbm,_IN
eblop60,568,a55xbm,_IN
ebkt34f,570,a55xbm,_IN
ebkypai,572,a55xbm,_IN
ebksyly,574,a55xbm,_IN
ebm25nz,576,a55xbm,_IN
ebklgwy,578,a55xbm,_IN
ebk99i0,580,a55xbm,_IN
ebkvc1i,582,a55xbm,_IN
ebkq3zu,584,a55xbm,_IN
eblm4sw,586,a55xbm,_IN
ebl46f1,588,a55xbm,_IN
ebkyu84,590,a55xbm,_IN
ebl0h4l,592,a55xbm,_IN
ebl0rm0,594,a55xbm,_IN
ebk9amh,596,a55xbm,_IN
ebkwcss,598,a55xbm,_IN
ebkwfqb,600,a55xbm,_IN
eblttvf,602,a55xbm,_IN
eblgazc,604,a55xbm,_IN
ebkyzrh,606,a55xbm,_IN
eblvxy2,608,a55xbm,_IN
ebka89h,610,a55xbm,_IN
eblmt4x,612,a55xbm,_IN
ebkz5iz,614,a55xbm,_IN
ebm7aan,616,a55xbm,_IN
ebkc1ks,618,a55xbm,_IN
ebkd5sy,620,a55xbm,_IN
eblbkqw,622,a55xbm,_IN
ebkdbpk,624,a55xbm,_IN
ebkehop,626,a55xbm,_IN
ebkihpi,628,a57th7,_IN
ebknyud,630,a57th7,_IN
eblhsrt,632,a57th7,_IN
ebkkvsc,634,a57th7,_IN
ebltpta,636,a57th7,_IN
ebkk5s3,638,a57th7,_IN
ebl8z69,640,a57th7,_IN
eblvc1x,642,a57th7,_IN
ebm8h6q,644,a57th7,_IN
eblc9my,646,a57th7,_IN
eblhvl0,648,a57th7,_IN
ebm7st5,650,a57th7,_IN
ebmb9ux,652,a57th7,_IN
ebkzu9k,654,a57th7,_IN
ebl4v2k,656,a57th7,_IN
ebl5p0i,658,a57th7,_IN
eble67z,660,a57th7,_IN
ebmcg95,662,a57th7,_IN
ebmcwo7,664,a57th7,_IN
ebmcx43,666,a57th7,_IN
ebl4lfk,668,a57th7,_IN
ebl7fpq,670,a57th7,_IN
ebmed0l,672,a57th7,_IN
ebmbkyj,674,a57th7,_IN
ebmgw6x,676,a57th7,_IN
ebmq9fq,678,a57th7,_IN
ebnqtiu,680,a57th7,_IN
ebomn87,682,a57th7,_IN
ebm5oyl,684,a57th7,_IN
ebmekun,686,a57th7,_IN
ebky6uk,688,a57th7,_IN
ebkogrj,690,a57th7,_IN
ebkiu64,692,a57th7,_IN
ebl762n,694,a57th7,_IN
ebm86mz,696,a57th7,_IN
ebp03qx,698,a57th7,_IN
eblo3sw,700,a57th7,_IN
ebm5g5b,702,a57th7,_IN
ebllklm,704,a57th7,_IN
ebmai7u,706,a57th7,_IN
ebngdpj,708,a57th7,_IN
eblr70c,710,a57th7,_IN
eblbosf,712,a57th7,_IN
eblwkoc,714,a57th7,_IN
eblx5vq,716,a57th7,_IN
ebm1bah,718,a57th7,_IN
ebm482b,720,a57th7,_IN
ebkkn8c,722,a57th7,_IN
ebl63sw,724,a57th7,_IN
eblefio,726,a57th7,_IN
eblcuff,728,a57th7,_IN
eblh9yw,730,a57th7,_IN
ebllm1n,732,a57th7,_IN
eblo3wv,734,a57th7,_IN
ebngz10,736,a57th7,_IN
ebl7p1l,738,a57th7,_IN
eblwog9,740,a57th7,_IN
eblhs9k,742,a57th7,_IN
ebmb6t2,744,a57th7,_IN
ebma63q,746,a57th7,_IN
ebmds3l,748,a57th7,_IN
ebnipt8,750,a57th7,_IN
eble8tl,752,a57th7,_IN
ebme8zq,754,a57th7,_IN
ebm79y9,756,a57th7,_IN
eblltuq,758,a57th7,_IN
ebma7e8,760,a57th7,_IN
ebnit6n,762,a57th7,_IN
ebm92k9,764,a57th7,_IN
ebl2b6l,766,a57th7,_IN
ebmf6ql,768,a57th7,_IN
ebmfejo,770,a57th7,_IN
ebo6eei,772,a57th7,_IN
ebmjjgt,774,a57th7,_IN
ebmeklc,776,a57th7,_IN
eblt95x,778,a57th7,_IN
ebltiii,780,a57th7,_IN
eblll2v,782,a57th7,_IN
ebmm67j,784,a57th7,_IN
ebmegdh,786,a57th7,_IN
ebmhgus,788,a57th7,_IN
ebmekvw,790,a57th7,_IN
ebl98cq,792,a57th7,_IN
ebl0m3s,794,a57th7,_IN
ebl7s1m,796,a57th7,_IN
ebmee65,798,a57th7,_IN
ebl3uwn,800,a57th7,_IN
ebktjmc,802,a57th7,_IN
ebl352a,804,a57th7,_IN
ebklghs,806,a57th7,_IN
ebkmkrw,808,a57th7,_IN
eblmy94,810,a57th7,_IN
ebm7pag,812,a57th7,_IN
ebmacos,814,a57th7,_IN
ebmcmnn,816,a57th7,_IN
ebltbpw,818,a57th7,_IN
eblzppr,820,a57th7,_IN
ebm8vm2,822,a57th7,_IN
ebn2w7w,824,a57th7,_IN
ebmjt52,826,a57th7,_IN
eblrfmr,828,a57th7,_IN
ebm35xe,830,a57th7,_IN
ebmaini,832,a57th7,_IN
ebmarax,834,a57th7,_IN
ebm17jm,836,a57th7,_IN
eblxbh2,838,a57th7,_IN
ebm4hqw,840,a57th7,_IN
ebmcpoc,842,a57th7,_IN
ebmec7e,844,a57th7,_IN
ebljoq9,846,a57th7,_IN
ebni2sr,848,a57th7,_IN
ebmnwyv,850,a57th7,_IN
ebmetgm,852,a57th7,_IN
ebln3de,854,a57th7,_IN
ebluxvi,856,a57th7,_IN
ebm8fyu,858,a57th7,_IN
ebmucjw,860,a57th7,_IN
ebqbnu4,862,a57th7,_IN
ebli0zk,864,a57th7,_IN
eblfvly,866,a57th7,_IN
eblwdoj,868,a57th7,_IN
eblv5zc,870,a57th7,_IN
ebmc2o5,872,a57th7,_IN
ebmfwqu,874,a57th7,_IN
ebmf9qe,876,a57th7,_IN
ebmlszo,878,a57th7,_IN
ebnj52l,880,a57th7,_IN
ebmclbe,882,a57th7,_IN
ebmfcpo,884,a57th7,_IN
ebmhlkt,886,a57th7,_IN
ebndm5k,888,a57th7,_IN
ebl5j1s,890,a57th7,_IN
ebl9s94,892,a57th7,_IN
ebl6eus,894,a57th7,_IN
ebl7ui5,896,a57th7,_IN
ebl66np,898,a57th7,_IN
ebl8ruz,900,a57th7,_IN
ebl8d6q,902,a57th7,_IN
ebl3hgy,904,a57th7,_IN
ebl76t5,906,a57th7,_IN
eblvsmc,908,a57th7,_IN
ebkloyr,910,a57th7,_IN
ebl6xli,912,a57th7,_IN
ebmavc2,914,a57th7,_IN
eblg19o,916,a57th7,_IN
ebkx5c7,918,a57th7,_IN
ebmcckl,920,a57th7,_IN
ebmxibe,922,a57th7,_IN
ebl30yv,924,a57th7,_IN
eblcy8h,926,a57th7,_IN
ebl7iem,928,a57th7,_IN
ebmaoio,930,a57th7,_IN
eblequ6,932,a57th7,_IN
ebm2kj6,934,a57th7,_IN
ebnirml,936,a57th7,_IN
ebmk77t,938,a57th7,_IN
ebr73rp,940,a57th7,_IN
ebmh8sv,942,a57th7,_IN
ebmshsm,944,a57th7,_IN
ebm3ic3,946,a57th7,_IN
ebm75ti,948,a57th7,_IN
ebmeuvh,950,a57th7,_IN
ebnhgsg,952,a57th7,_IN
ebo2gwu,954,a57th7,_IN
ebmo65y,956,a57th7,_IN
ebmetup,958,a57th7,_IN
ebns9x1,960,a57th7,_IN
eblp8g7,962,a57th7,_IN
eblxn9i,964,a57th7,_IN
ebmdf3g,966,a57th7,_IN
ebmcbh7,968,a57th7,_IN
ebmg284,970,a57th7,_IN
ebl7thg,972,a57th7,_IN
ebmm9a6,974,a57th7,_IN
ebnefwd,976,a57th7,_IN
eblite1,978,a57th7,_IN
ebp1hnj,980,a57th7,_IN
ebl7nh8,982,a57th7,_IN
ebma7uz,984,a57th7,_IN
ebkpmxl,986,a57th7,_IN
eblcvhm,988,a57th7,_IN
ebmh74e,990,a57th7,_IN
eblmrbc,992,a57th7,_IN
ebm17j4,994,a57th7,_IN
ebm3go9,996,a57th7,_IN
ebm9dfv,998,a57th7,_IN
ebmjfxi,1000,a57th7,_IN
ebp0so2,1002,a57th7,_IN
ebms1pp,1004,a57th7,_IN
ebr76l9,1006,a57th7,_IN
ebm4fjx,1008,a57th7,_IN
ebmallz,1010,a57th7,_IN
ebo0dhq,1012,a57th7,_IN
ebo58iv,1014,a57th7,_IN
ebo4ckl,1016,a57th7,_IN
ebne63o,1018,a57th7,_IN
eblpa2n,1020,a57th7,_IN
eblzfug,1022,a57th7,_IN
ebmgler,1024,a57th7,_IN
ebn1rzr,1026,a57th7,_IN
ebmju87,1028,a57th7,_IN
ebp2a3v,1030,a57th7,_IN
eblkfkq,1032,a57th7,_IN
eblek98,1034,a57th7,_IN
ebmaml0,1036,a57th7,_IN
ebmhsjb,1038,a57th7,_IN
ebkqql0,1040,a57th7,_IN
ebm37k4,1042,a57th7,_IN
ebld8k3,1044,a57th7,_IN
eblie6f,1046,a57th7,_IN
ebmdd7o,1048,a57th7,_IN
ebmdqwq,1050,a57th7,_IN
ebmeubi,1052,a57th7,_IN
ebmct0a,1054,a57th7,_IN
ebmychd,1056,a57th7,_IN
ebr8fng,1058,a57th7,_IN
ebq3evs,1060,a57th7,_IN
ebo7gcr,1062,a57th7,_IN
ebop5di,1064,a57th7,_IN
ebm4usd,1066,a57th7,_IN
ebnjr6u,1068,a57th7,_IN
ebmh7tb,1070,a57th7,_IN
ebp573p,1072,a57th7,_IN
ebllhav,1074,a57th7,_IN
ebllw7x,1076,a57th7,_IN
eblgt37,1078,a57th7,_IN
ebmkra6,1080,a57th7,_IN
ebkwsc6,1082,a57th7,_IN
ebmejjf,1084,a57th7,_IN
eblceuo,1086,a57th7,_IN
ebktj57,1088,a57th7,_IN
ebl7jyb,1090,a57th7,_IN
ebpf11k,1092,a57th7,_IN
eblo485,1094,a57th7,_IN
ebmgcjz,1096,a57th7,_IN
eblod5g,1098,a57th7,_IN
ebmxaed,1100,a57th7,_IN
ebl4vfn,1102,a57th7,_IN
ebkz9vq,1104,a57th7,_IN
eblp1tk,1106,a57th7,_IN
ebl4tlz,1108,a57th7,_IN
ebmc2hr,1110,a57th7,_IN
eborl2y,1112,a57th7,_IN
ebkwvev,1114,a57th7,_IN
eblirw3,1116,a57th7,_IN
ebqfgbu,1118,a57th7,_IN
eblovcg,1120,a57th7,_IN
ebmcd7y,1122,a57th7,_IN
ebmegip,1124,a57th7,_IN
ebouioh,1126,a57th7,_IN
eblp0es,1128,a57th7,_IN
eblrmxs,1130,a57th7,_IN
ebmn0m0,1132,a57th7,_IN
ebmkt49,1134,a57th7,_IN
ebmoumx,1136,a57th7,_IN
ebmlvuq,1138,a57th7,_IN
ebo720z,1140,a57th7,_IN
ebodhrr,1142,a57th7,_IN
