:ID,name,:LABEL
dmgdonut,dmgdonut,author
awesomeatony,awesomeatony,author
Bagel_X,Bagel_X,author
DragonPup,DragonPup,author
csr28,csr28,author
Algebralovr,Algebralovr,author
mewmonko,mewmonko,author
LocationBot,LocationBot,author
apprehensiveabtthis,apprehensiveabtthis,author
hawknasty13,hawknasty13,author
swimfishy8,swimfishy8,author
dogtowner4life,dogtowner4life,author
feloniusbuzzardbait,feloniusbuzzardbait,author
wvteacher304,wvteacher304,author
esk_209,esk_209,author
Anonymous0,Anonymous0,author
dtmfadvice,dtmfadvice,author
crlybrewer,crlybrewer,author
Cereaza,Cereaza,author
1DiabetesThrowaway,1DiabetesThrowaway,author
1DiabetesThrowaway,1DiabetesThrowaway,author
1DiabetesThrowaway,1DiabetesThrowaway,author
Suicidal_Tony,Suicidal_Tony,author
sneaksfile,sneaksfile,author
sf_frankie,sf_frankie,author
1DiabetesThrowaway,1DiabetesThrowaway,author
esk_209,esk_209,author
1DiabetesThrowaway,1DiabetesThrowaway,author
Biondina,Biondina,author
1DiabetesThrowaway,1DiabetesThrowaway,author
sgmarshall,sgmarshall,author
dmgdonut,dmgdonut,author
Anonymous1,Anonymous1,author
peachykorey,peachykorey,author
Plondon0,Plondon0,author
diabeticsupernova,diabeticsupernova,author
FlyingElvishPenguin,FlyingElvishPenguin,author
flying_bat,flying_bat,author
samanthastevens,samanthastevens,author
MrMarblesTI,MrMarblesTI,author
AegonIConqueror,AegonIConqueror,author
awesomeatony,awesomeatony,author
jmurphy42,jmurphy42,author
jennkaa,jennkaa,author
csr28,csr28,author
frugalstudent311,frugalstudent311,author
mmmsoap,mmmsoap,author
dtmfadvice,dtmfadvice,author
dtmfadvice,dtmfadvice,author
1DiabetesThrowaway,1DiabetesThrowaway,author
1DiabetesThrowaway,1DiabetesThrowaway,author
Anonymous2,Anonymous2,author
Anonymous3,Anonymous3,author
awesomeatony,awesomeatony,author
1DiabetesThrowaway,1DiabetesThrowaway,author
running_sleet,running_sleet,author
esk_209,esk_209,author
1DiabetesThrowaway,1DiabetesThrowaway,author
sgmarshall,sgmarshall,author
ShadowedPariah,ShadowedPariah,author
Darth_Punk,Darth_Punk,author
MrE761,MrE761,author
Shanisasha,Shanisasha,author
Anonymous4,Anonymous4,author
Biondina,Biondina,author
1DiabetesThrowaway,1DiabetesThrowaway,author
aetherdrake,aetherdrake,author
th5738,th5738,author
1DiabetesThrowaway,1DiabetesThrowaway,author
csr28,csr28,author
dtmfadvice,dtmfadvice,author
Anonymous5,Anonymous5,author
Anonymous6,Anonymous6,author
pgh9fan,pgh9fan,author
ddh0,ddh0,author
awesomeatony,awesomeatony,author
WhatIsTheMeaningOfPi,WhatIsTheMeaningOfPi,author
ChaoticSquirrel,ChaoticSquirrel,author
jyell,jyell,author
1DiabetesThrowaway,1DiabetesThrowaway,author
1DiabetesThrowaway,1DiabetesThrowaway,author
awesomeatony,awesomeatony,author
1DiabetesThrowaway,1DiabetesThrowaway,author
dtmfadvice,dtmfadvice,author
pgh9fan,pgh9fan,author
AutoModerator,AutoModerator,author
LocationBot,LocationBot,author
