:START_ID,:END_ID,:TYPE
HexavalentChromium,eazzti6,WROTE
RetiredATLATC,eazkh57,WROTE
gracesw,eazxhaj,WROTE
Swvfd626,eb03q63,WROTE
ninjaofslo,eb015ot,WROTE
stonemender,eb06po9,WROTE
Anonymous0,eb01q7b,WROTE
Anonymous1,eb03lnf,WROTE
PertCub,eazxkpb,WROTE
Crimeminister83,eb07w6p,WROTE
Anonymous2,eb01rik,WROTE
LocationBot,eazjzos,WROTE
csForShort,eb02go8,WROTE
Anonymous3,eb06970,WROTE
Anonymous4,eb03guu,WROTE
Anonymous5,eb040l2,WROTE
Anonymous6,eb010lz,WROTE
Anonymous7,eazyg76,WROTE
Anonymous8,eb04i73,WROTE
Anonymous9,eb04k40,WROTE
Anonymous10,eb04owu,WROTE
Anonymous11,eb04sa5,WROTE
Anonymous12,eb04t32,WROTE
Anonymous13,eb04tau,WROTE
Anonymous14,eb05k6a,WROTE
Anonymous15,eb05xr8,WROTE
Anonymous16,eb065jy,WROTE
Anonymous17,eb068th,WROTE
Anonymous18,eb06bsp,WROTE
Anonymous19,eb06kpx,WROTE
Anonymous20,eb06qwu,WROTE
Anonymous21,eb06tzm,WROTE
Anonymous22,eb082nz,WROTE
nclawyer822,eb07wel,WROTE
Anonymous23,eb07bw5,WROTE
Anonymous24,eb05ybk,WROTE
ThesAndman6672,eb036qh,WROTE
Anonymous25,eb05thz,WROTE
Bill_Burr1,eb07jf7,WROTE
Anonymous26,eb01w2n,WROTE
Anonymous27,eazyxxw,WROTE
ryguy354,eb01o08,WROTE
Anonymous28,eazss4r,WROTE
LunaSzeretlek,eb00pkd,WROTE
PM_ME_PICS_OF_HANDS,eb013q5,WROTE
Diatribepoo,eb058h8,WROTE
LunaSzeretlek,eazkk9g,WROTE
Anonymous29,eb01xrh,WROTE
StockingsBooby,eb04q1w,WROTE
Isaiah5995,eb04q9r,WROTE
mar3ware,eb07was,WROTE
ThatDIYCouple,eb03brm,WROTE
Anonymous30,eb01yvv,WROTE
Cypher_Blue,eb04nzw,WROTE
UncleWeeWoo,eb00ll8,WROTE
Cypher_Blue,eb020h7,WROTE
goddamnusernamefuck,eb05h3c,WROTE
Cypher_Blue,eb06ctc,WROTE
Cypher_Blue,eb04ofo,WROTE
Cypher_Blue,eb04n92,WROTE
LunaSzeretlek,eb0130o,WROTE
Cypher_Blue,eazyiho,WROTE
Cypher_Blue,eb04mje,WROTE
Cypher_Blue,eb04ma2,WROTE
Cypher_Blue,eb050kc,WROTE
Cypher_Blue,eb050at,WROTE
Cypher_Blue,eb0501p,WROTE
Cypher_Blue,eb04zo3,WROTE
Cypher_Blue,eb05ukk,WROTE
Cypher_Blue,eb061bh,WROTE
Cypher_Blue,eb06a5k,WROTE
Cypher_Blue,eb06d5n,WROTE
Cypher_Blue,eb06gcl,WROTE
Cypher_Blue,eb06nf3,WROTE
Cypher_Blue,eb06svp,WROTE
Cypher_Blue,eb06wgl,WROTE
Cypher_Blue,eb084bp,WROTE
Cypher_Blue,eb06628,WROTE
Cypher_Blue,eb06agy,WROTE
Cypher_Blue,eb024l8,WROTE
Cypher_Blue,eazzf4e,WROTE
Anonymous31,eazz8j6,WROTE
Kippingthroughlife,eb01vbi,WROTE
Anonymous32,eb03d4t,WROTE
Anonymous33,eazyikg,WROTE
Anonymous34,eazw4st,WROTE
Anonymous35,eb00czz,WROTE
ronindog,eb039mz,WROTE
Saruster,eb02bn0,WROTE
rarelongsun,eb063px,WROTE
Psyk0Tripp,eb080yq,WROTE
nonameslefteightnine,eb06v8b,WROTE
Anonymous36,eb027tf,WROTE
VolsungLoki,eb046da,WROTE
Anonymous37,eb0550z,WROTE
Anonymous38,eb02au0,WROTE
Huckleberry1127,eb07kz9,WROTE
Aleriya,eb02v7u,WROTE
OrpheusV,eb025vn,WROTE
killer_orange_2,eb03ccd,WROTE
redumbdant_antiphony,eb04x6b,WROTE
ashleyamdj,eb032xz,WROTE
pipsdontsqueak,eb081ux,WROTE
Anonymous39,eb0239r,WROTE
Royal_Bama,eb06l4i,WROTE
rafadavidc,eb0526b,WROTE
myth0i,eb05c7h,WROTE
Optimized_Orangutan,eb05len,WROTE
PlagueDrsWOutBorders,eb064dr,WROTE
Zack_SF,eb051py,WROTE
ninjaofslo,eb03ehm,WROTE
PertCub,eb06hzx,WROTE
WizardofAss95,eb06l7e,WROTE
csForShort,eb05zzv,WROTE
Anonymous40,eb053qe,WROTE
ThesAndman6672,eb03bv0,WROTE
Anonymous41,eb07i8m,WROTE
rafadavidc,eb04shj,WROTE
ryguy354,eb0209o,WROTE
tomyownrhythm,eb05dqo,WROTE
Anonymous42,eb05wfe,WROTE
PM_TITS_OR_DONT,eb03fyb,WROTE
McWexler4ever,eb05mbr,WROTE
Anonymous43,eb02gxh,WROTE
Zapopa,eb02e7x,WROTE
StockingsBooby,eb05kqo,WROTE
Bobmcgee,eb05amg,WROTE
vacantly_louche,eb03wda,WROTE
EclipsingBinaryBoi,eb04weh,WROTE
Cypher_Blue,eb0599t,WROTE
Cypher_Blue,eb07n6g,WROTE
WizardofAss95,eb06t7y,WROTE
Kippingthroughlife,eb02hnl,WROTE
Anonymous44,eb03mbl,WROTE
pixiesjc,eb06gkb,WROTE
myth0i,eb05v2w,WROTE
ninjaofslo,eb03xkt,WROTE
ninjaofslo,eb056s2,WROTE
EatinToasterStrudel,eb04o13,WROTE
Anonymous45,eb03rdh,WROTE
Samalam268211,eb07rl9,WROTE
EclipsingBinaryBoi,eb05p4a,WROTE
Anonymous46,eb06apw,WROTE
Anonymous47,eb04hu1,WROTE
Anonymous48,eb04ix8,WROTE
thepatman,eb0bkzf,WROTE
beentheredonethatx2,eb04ljs,WROTE
Dingo-thatate-urbaby,eb05jow,WROTE
kdd20,eb089ks,WROTE
TattooedDisneyMama,eb06qq2,WROTE
Railroader17,eb05ajg,WROTE
Necro_lancer,eb08ie0,WROTE
LocationBot,eb040pz,WROTE
Anonymous49,eb04hgu,WROTE
madommouselfefe,eb0cb6b,WROTE
Shh-NotUntilMyCoffee,eb09gvo,WROTE
Rock_Lizard,eb0blch,WROTE
profginger,eb0945e,WROTE
Blepfacecat,eb09c70,WROTE
tobymustdie,eb07r6e,WROTE
AnnaLemma,eb0ak8v,WROTE
tobymustdie,eb07mux,WROTE
beentheredonethatx2,eb06drp,WROTE
ilikecheeseforreal,eb0aafb,WROTE
_Cromwell_,eb0ao8e,WROTE
ilikecheeseforreal,eb0ag4d,WROTE
TheRelaxedNowhere,eb0bauq,WROTE
foibledagain,eb0d2b7,WROTE
spoutrage,eb0d1ix,WROTE
beentheredonethatx2,eb085c9,WROTE
Amniyl,eb0b0bs,WROTE
Anonymous50,eb0bajz,WROTE
IDontFuckingThinkSo,eb09bgn,WROTE
littlegirlghostship,eb0clwp,WROTE
AbShpongled,eb0b29w,WROTE
profginger,eb0bu4b,WROTE
exadrid,eb0ca40,WROTE
AnnaLemma,eb0bfhx,WROTE
cynical_bunny_,eb0dz0z,WROTE
AbShpongled,eb0buat,WROTE
